id,domain,hate_text,model,strategy,counter_text
COLD_GEN_P030,gender,酒馆之前打游戏碰到个女粉，女粉说她躺了，酒馆说，我就蹭蹭，不进去，可以吗。个人觉得这个更恶心。我是男生，我也觉得恶心。纯直男,glm-4.7-flash:bf16,Logical Refutation,你把个别玩家在游戏里开的那种‘不进不出’的玩笑，直接上升到‘恶心’的程度，并把它定义为一种男性群体的通病，这显然犯了以偏概全的逻辑谬误，把个别人的低俗玩笑曲解成了所有男性的共同特质，这种推断本身才是站不住脚的。
COLD_GEN_P030,gender,酒馆之前打游戏碰到个女粉，女粉说她躺了，酒馆说，我就蹭蹭，不进去，可以吗。个人觉得这个更恶心。我是男生，我也觉得恶心。纯直男,glm-4.7-flash:bf16,Positive Reinterpretation,其实“蹭蹭”这个说法，与其说是冒犯，不如说是男生之间一种很直白甚至有点可爱的“防守式”幽默，把严肃的性暗示消解成了轻松的玩笑，反而显得更有边界感。
COLD_GEN_P030,gender,酒馆之前打游戏碰到个女粉，女粉说她躺了，酒馆说，我就蹭蹭，不进去，可以吗。个人觉得这个更恶心。我是男生，我也觉得恶心。纯直男,glm-4.7-flash:bf16,Fact-Based Response,我身边其实有很多男生，打游戏时遇到队友求带，都会直接说“来，上号”，大家更在意能不能赢，很少会像那样把对方当猎物或者拿这种事开玩笑。
COLD_GEN_P003,gender,啊男性这点真的恶心人啊,glm-4.7-flash:bf16,Logical Refutation,把个别男性的表现上升到整个男性群体，这种以偏概全的逻辑谬误掩盖了绝大多数男性群体的正常面貌，是对理性的不尊重。
COLD_GEN_P003,gender,啊男性这点真的恶心人啊,glm-4.7-flash:bf16,Positive Reinterpretation,其实男性这种性格上的直线条，在处理问题时往往是因为他们习惯用行动解决困难，这种‘不绕弯子’的特质如果放在合作中，其实挺能提高效率的。
COLD_GEN_P003,gender,啊男性这点真的恶心人啊,glm-4.7-flash:bf16,Fact-Based Response,"{""counterspeech"": ""我身边的男性同事和朋友很多都非常体贴、有责任感，他们在工作和生活中都做得很好，完全不像你说的那样。”}"
COLD_GEN_P044,gender,某些所谓的「直男癌」，见到女的就两眼放光，见到男的就鄙视,glm-4.7-flash:bf16,Logical Refutation,用少数人的言行来给整个男性群体贴上这种标签，恰恰犯了以偏概全的逻辑谬误，这和某些群体试图妖魔化其他群体时用的手段没有什么本质区别。
COLD_GEN_P044,gender,某些所谓的「直男癌」，见到女的就两眼放光，见到男的就鄙视,glm-4.7-flash:bf16,Positive Reinterpretation,其实这或许只是因为他们在现实生活中太缺乏自信，才试图通过这种夸张的言行来博取存在感，与其说是对他人的嫌弃，不如说是对自己内心不安的一种投射。
COLD_GEN_P044,gender,某些所谓的「直男癌」，见到女的就两眼放光，见到男的就鄙视,glm-4.7-flash:bf16,Fact-Based Response,我身边有很多非常优秀的男性朋友，他们平时大大咧咧、甚至有点粗线条，但在对待异性时总是彬彬有礼、照顾周到，完全不像你说的那种只会两眼放光。
CCL_6862,gender,普通女生无罪，有罪的是一开始男扮女装挑起性别对立的键盘侠,glm-4.7-flash:bf16,Logical Refutation,把个别行为上升到对整个群体的攻击，这本身就是一种‘有罪推定’，完全忽视了性别本身的中立属性，犯了典型的以偏概全谬误。
CCL_6862,gender,普通女生无罪，有罪的是一开始男扮女装挑起性别对立的键盘侠,glm-4.7-flash:bf16,Positive Reinterpretation,其实只要我们多一点包容和耐心，少一些激进的标签，很多看似对立的争论完全可以变成互相理解和尊重的交流契机，大家都不必非要站在对立面互贴标签。
CCL_6862,gender,普通女生无罪，有罪的是一开始男扮女装挑起性别对立的键盘侠,glm-4.7-flash:bf16,Fact-Based Response,我身边就有普通女生，她们只是想穿自己喜欢的衣服出门，却被网上的谣言抹黑成是帮凶，这种无端的指责让很多女生感到寒心。
COLD_RAC_P070,race,"我不喜欢黑人=歧视黑人,我讨厌黑人=歧视黑人,跪舔黑人=种族平等",glm-4.7-flash:bf16,Logical Refutation,你把‘不喜欢’和‘歧视’混为一谈，把‘歧视’和‘平等’对立起来，这完全是逻辑混乱：不喜欢一个人是情绪，歧视是系统性的压迫行为，两者性质不同，你不能因为对方情绪不好就否认客观存在的系统性压迫，更不能为了混淆视听就强行扭曲概念。
COLD_RAC_P070,race,"我不喜欢黑人=歧视黑人,我讨厌黑人=歧视黑人,跪舔黑人=种族平等",glm-4.7-flash:bf16,Positive Reinterpretation,其实“不喜黑人”和“跪舔黑人”这两种极端情绪，本质上都是因为我们太在意这个群体的评价，与其说是恨或爱，不如说是一种还没学会如何正确相处的“过度在乎”。
COLD_RAC_P070,race,"我不喜欢黑人=歧视黑人,我讨厌黑人=歧视黑人,跪舔黑人=种族平等",glm-4.7-flash:bf16,Fact-Based Response,我身边就有黑人朋友，他们非常讲义气、有责任感，和我想象中完全不同，这种真实的相处经历让我明白不能仅凭刻板印象就给他们贴标签。
CCL_0913,race,其实没啥的，就是炮友吗，艾滋病毒多点而已,glm-4.7-flash:bf16,Logical Refutation,把“炮友”这种关系定义为没有情感连接的纯粹身体交易，本身就忽略了人类情感的复杂性和多样性，不能因为对方持有这种单一视角，就否认他们之间可能存在的情感共鸣，更不能因此全盘否定这个群体的存在价值。
CCL_0913,race,其实没啥的，就是炮友吗，艾滋病毒多点而已,glm-4.7-flash:bf16,Positive Reinterpretation,把“炮友”这种随意的称呼，看作是年轻人探索亲密关系边界的一种尝试，也许能让我们少一些对欲望的道德审判，多一份对复杂人性的理解。
CCL_0913,race,其实没啥的，就是炮友吗，艾滋病毒多点而已,glm-4.7-flash:bf16,Fact-Based Response,我认识的一个朋友就是炮友关系，两人相处得特别融洽，完全不像你说的那样。
CCL_0293,race,看来非洲真是未来人口增长的主动力。,glm-4.7-flash:bf16,Logical Refutation,把个别地区的生育率差异直接等同于整个非洲大陆的发展前景，这是一种典型的以偏概全谬误，忽略了非洲内部各国在经济水平和政策上的巨大差异，无法以此推导出整个大洲的所谓“未来”。
CCL_0293,race,看来非洲真是未来人口增长的主动力。,glm-4.7-flash:bf16,Positive Reinterpretation,与其说是人口增长的动力，不如说这代表了更多年轻生命的希望和未来社会的无限活力。
CCL_0293,race,看来非洲真是未来人口增长的主动力。,glm-4.7-flash:bf16,Fact-Based Response,我身边有不少来自非洲的朋友，他们不仅勤奋上进，而且家庭观念非常重，大家相处的氛围都很融洽，并不像刻板印象里描述的那样。
CCL_1442,race,失足妇女是要钱，可以理解。,glm-4.7-flash:bf16,Logical Refutation,这种逻辑本身就是一种双重标准：如果你认为‘为了钱而改变生活方式是可理解的’，那么那些为了追求更好生活而努力工作的女性，无论从事什么职业，本质上并不比你更值得被评判。
CCL_1442,race,失足妇女是要钱，可以理解。,glm-4.7-flash:bf16,Positive Reinterpretation,其实她们只是努力在用自己的方式独立生活，用劳动换取回报，这种自食其力值得尊重。
CCL_1442,race,失足妇女是要钱，可以理解。,glm-4.7-flash:bf16,Fact-Based Response,我认识的一位大姐，以前做这一行养大了三个孩子，还供他们读了大学，她靠自己的双手换钱，怎么能叫‘失足’呢？
COLD_REG_P121,region,身为河南人。 恶心宿舍某个河南室友。嘲讽我穿优衣库,glm-4.7-flash:bf16,Logical Refutation,仅仅因为某个河南人表现得不友善，就认定所有河南人都有问题，这无疑是典型的以偏概全，把个别负面行为强行套在所有该地区的人身上，这种逻辑是完全站不住脚的。
COLD_REG_P121,region,身为河南人。 恶心宿舍某个河南室友。嘲讽我穿优衣库,glm-4.7-flash:bf16,Positive Reinterpretation,把对方对外表的挑剔看作是对生活品味比较认真的态度，或许他只是因为太看重生活细节而表达方式显得生硬了。
COLD_REG_P121,region,身为河南人。 恶心宿舍某个河南室友。嘲讽我穿优衣库,glm-4.7-flash:bf16,Fact-Based Response,我身边就有几个河南室友，大家平时一起打游戏、分享零食，关系特别铁，从来没听说过有什么地域歧视，这种贴标签的行为真的挺没必要的。
COLD_REG_P102,region,可是我还是觉得成王败寇，抗战胜利美国佬在中国强奸打人杀人，毛子在东北，你看他们打赢了，毛子在东北抢劫强奸杀人，抢设备，没人说他们？也没人清算，只是因为拳头不够硬。,glm-4.7-flash:bf16,Logical Refutation,把战争胜利后的个别破坏行为上升到对整个群体的道德审判，这种以偏概全的逻辑恰恰暴露了所谓的‘成王败寇’本身就是一个经不起推敲的伪命题，因为它在逻辑上无法区分合法的胜利行为和非法的犯罪行为。
COLD_REG_P102,region,可是我还是觉得成王败寇，抗战胜利美国佬在中国强奸打人杀人，毛子在东北，你看他们打赢了，毛子在东北抢劫强奸杀人，抢设备，没人说他们？也没人清算，只是因为拳头不够硬。,glm-4.7-flash:bf16,Positive Reinterpretation,其实我们更愿意相信，胜利的代价不应由无辜者的尊严来衡量，或许换个角度，我们更该庆幸那段艰难岁月里，那些逝去的生命和受创的同胞，最终成为了今天我们更加珍视和平与理性的基石。
COLD_REG_P102,region,可是我还是觉得成王败寇，抗战胜利美国佬在中国强奸打人杀人，毛子在东北，你看他们打赢了，毛子在东北抢劫强奸杀人，抢设备，没人说他们？也没人清算，只是因为拳头不够硬。,glm-4.7-flash:bf16,Fact-Based Response,我接触过许多亲历过那段历史的老人，他们回忆起当年苏军进入东北时，确实发生过个别士兵违纪的事情，但那是战争末期混乱环境下的个别极端案例；反观当时国民政府的统治区，由于贪污腐败导致的经济崩溃、四大家族的搜刮以及军队的溃败，给普通百姓带来的痛苦是持续且普遍的真实灾难，这才是老百姓最切身的记忆。
COLD_REG_P143,region,你是东北人？别恶心人了！自己杜撰造谣的吧！作为东北人，从来没听过这些！,glm-4.7-flash:bf16,Logical Refutation,对方用自己没听过的个例，就试图否定整个东北地区的文化，这完全是犯了以偏概全的逻辑谬误，用个人经验来给整个群体贴标签是站不住脚的。
COLD_REG_P143,region,你是东北人？别恶心人了！自己杜撰造谣的吧！作为东北人，从来没听过这些！,glm-4.7-flash:bf16,Positive Reinterpretation,其实东北话里有些词虽然听着冲，但那往往是大家性格直爽、不藏着掖着的体现，这种坦率在如今这个世道反而挺难得的，咱们换个角度品品，可能会觉得更有温度。
COLD_REG_P143,region,你是东北人？别恶心人了！自己杜撰造谣的吧！作为东北人，从来没听过这些！,glm-4.7-flash:bf16,Fact-Based Response,我从小在东北长大，身边的同学和朋友也大多来自那里，大家平时说话都特别实在，根本不像你说的那样满嘴跑火车，这种印象绝对是不了解情况的人自己瞎编的。
CCL_0927,region,广州就是黑河南、黑北方的总部,glm-4.7-flash:bf16,Logical Refutation,把个别冲突当成全体的属性，这本身就是一种典型的以偏概全，用两个具体的人去给一座城市或一个省份贴上标签，完全忽略了那里还有无数友好的普通人。
CCL_0927,region,广州就是黑河南、黑北方的总部,glm-4.7-flash:bf16,Positive Reinterpretation,与其说是地域歧视的总部，不如说这里正是包容来自五湖四海、汇聚各地性格和故事的舞台。
CCL_0927,region,广州就是黑河南、黑北方的总部,glm-4.7-flash:bf16,Fact-Based Response,我就在广州生活了好几年，每天都看着河南人和北方朋友在街头巷尾买菜、工作、相处，大家跟邻居一样互帮互助，并没有你说的那种情况。
COLD_GEN_P030,gender,酒馆之前打游戏碰到个女粉，女粉说她躺了，酒馆说，我就蹭蹭，不进去，可以吗。个人觉得这个更恶心。我是男生，我也觉得恶心。纯直男,qwen3.6:35b,Logical Refutation,将个别玩家的越界言行直接等同于所有女性玩家，正是典型的以偏概全谬误；这种用局部个案来定义整个群体特征的推理方式，在逻辑上无法成立。
COLD_GEN_P030,gender,酒馆之前打游戏碰到个女粉，女粉说她躺了，酒馆说，我就蹭蹭，不进去，可以吗。个人觉得这个更恶心。我是男生，我也觉得恶心。纯直男,qwen3.6:35b,Positive Reinterpretation,这种将亲密行为物化的描述方式，其实折射出了一种对他人边界的漠视；试着把视角从猎奇的快感转向对他人的尊重与关怀，或许能让我们看到关系中更温暖、更具建设性的一面。
COLD_GEN_P030,gender,酒馆之前打游戏碰到个女粉，女粉说她躺了，酒馆说，我就蹭蹭，不进去，可以吗。个人觉得这个更恶心。我是男生，我也觉得恶心。纯直男,qwen3.6:35b,Fact-Based Response,我在游戏公会里带过好几个女生，她们技术顶尖且性格爽朗，我们平时交流都是正常讨论战术或生活，完全不存在你描述的那种低俗互动，你的观点可能只是基于极少数的极端个案。
COLD_GEN_P003,gender,啊男性这点真的恶心人啊,qwen3.6:35b,Logical Refutation,将个别男性的不当行为直接上升为对全体男性的道德审判，这是典型的以偏概全；既然你反对因性别被标签化，却用同样的逻辑去抹黑另一半人口，这本身就构成了双重标准。
COLD_GEN_P003,gender,啊男性这点真的恶心人啊,qwen3.6:35b,Positive Reinterpretation,或许这种强烈的反感背后，是你近期经历了一些让你感到不适的具体事件，导致你将情绪投射到了整个群体上；试着把关注点从对性别的排斥，转化为对具体不尊重行为的边界设定，这样既能保护你自己的感受，也能让沟通变得更清晰和平等。
COLD_GEN_P003,gender,啊男性这点真的恶心人啊,qwen3.6:35b,Fact-Based Response,我身边的男性朋友中，有很多人在伴侣生病时会细心照顾，也有许多同事在育儿假期间主动承担家务，这些具体的日常相处让我看到男性同样具备温柔和责任感的一面。
COLD_GEN_P044,gender,某些所谓的「直男癌」，见到女的就两眼放光，见到男的就鄙视,qwen3.6:35b,Logical Refutation,这种说法将部分人的行为特征强加给整个群体，犯了以偏概全的逻辑谬误；事实上，绝大多数男性对他人并无此类基于性别的盲目崇拜或鄙视心态，不能因个别现象就抹杀整体的多样性。
COLD_GEN_P044,gender,某些所谓的「直男癌」，见到女的就两眼放光，见到男的就鄙视,qwen3.6:35b,Positive Reinterpretation,与其用'直男癌'这样充满攻击性的标签来定义他人，不如试着把这种行为理解为一种笨拙且缺乏社交技巧的表达方式，或许能让我们看到对方渴望连接却不得其法的无奈，从而减少对立。
COLD_GEN_P044,gender,某些所谓的「直男癌」，见到女的就两眼放光，见到男的就鄙视,qwen3.6:35b,Fact-Based Response,我身边的男性朋友大多对同性充满尊重与欣赏，他们会在工作中坦诚合作，在生活中互相扶持，完全不存在你描述的这种敌意或轻视。
CCL_6862,gender,普通女生无罪，有罪的是一开始男扮女装挑起性别对立的键盘侠,qwen3.6:35b,Logical Refutation,这种说法犯了典型的以偏概全谬误，将极少数极端个案直接等同于普通群体的本质，从而为针对特定性别的污名化寻找借口；同时它隐含了双重标准：若真反对挑起对立，为何不谴责所有制造仇恨的人，却单独给某一性别贴上'无罪'标签？
CCL_6862,gender,普通女生无罪，有罪的是一开始男扮女装挑起性别对立的键盘侠,qwen3.6:35b,Positive Reinterpretation,或许我们可以尝试跳出‘对立’的框架，把这种声音看作是对真实自我表达的渴望与探索，而非对立的导火索，这样能让我们更温和地理解彼此的独特之处。
CCL_6862,gender,普通女生无罪，有罪的是一开始男扮女装挑起性别对立的键盘侠,qwen3.6:35b,Fact-Based Response,我在社区做志愿服务时，见过无数穿着得体、温和友善的女性志愿者，她们从未挑起任何对立，只是默默付出；把个别网络现象归咎于普通女性，显然忽略了身边大量真实存在的善意与常态。
COLD_RAC_P070,race,"我不喜欢黑人=歧视黑人,我讨厌黑人=歧视黑人,跪舔黑人=种族平等",qwen3.6:35b,Logical Refutation,这种观点混淆了概念，将‘不喜欢的权利’强行等同于‘系统性歧视’，这是典型的以偏概全；同时它又错误地将基于尊重的互动曲解为‘跪舔’，逻辑上既否定了平等的本质，也建立了一个荒谬的双重标准。
COLD_RAC_P070,race,"我不喜欢黑人=歧视黑人,我讨厌黑人=歧视黑人,跪舔黑人=种族平等",qwen3.6:35b,Positive Reinterpretation,将复杂的人际情感简单等同于政治标签，反而让对话变得生硬；试着把关注点从‘是否歧视’的对立框架中抽离出来，去理解不同文化背景下的个体差异与共同人性，这样能让我们看到彼此作为普通人的一面，从而消解不必要的敌意。
COLD_RAC_P070,race,"我不喜欢黑人=歧视黑人,我讨厌黑人=歧视黑人,跪舔黑人=种族平等",qwen3.6:35b,Fact-Based Response,我在国际社区里见过许多黑人社群自发组织清洁街道、照顾老人的活动，那种基于互助的尊重远比任何刻意的‘跪舔’或盲目的‘讨厌’都更接近平等的本质。
CCL_0913,race,其实没啥的，就是炮友吗，艾滋病毒多点而已,qwen3.6:35b,Logical Refutation,这种说法在逻辑上存在严重的归因错误和以偏概全，将特定高风险行为直接等同于整个群体属性或普遍现状，忽视了医学干预效果和个体差异，从而构建了一个毫无根据且错误的因果链条。
CCL_0913,race,其实没啥的，就是炮友吗，艾滋病毒多点而已,qwen3.6:35b,Positive Reinterpretation,或许我们可以试着把这种对疾病的恐惧，转化为对彼此健康更温柔的关注与呵护，用关心代替评判。
CCL_0913,race,其实没啥的，就是炮友吗，艾滋病毒多点而已,qwen3.6:35b,Fact-Based Response,我在疾控中心做志愿者时见过太多因缺乏防护而感染的朋友，他们不仅承受着病痛的折磨，更在努力重建生活；这种轻描淡写的态度是对他们真实苦难的极大漠视。
CCL_0293,race,看来非洲真是未来人口增长的主动力。,qwen3.6:35b,Logical Refutation,这种观点隐含了将‘人口基数’与‘经济驱动力’强行挂钩的逻辑谬误；事实上，许多拥有庞大年轻人口的发展中国家正面临严峻的就业压力，而真正主导全球经济增长引擎的仍是高消费能力的成熟市场，仅凭人口数量就断言非洲是未来主动力，显然忽略了人均生产力、基础设施及全球产业链分工等关键变量。
CCL_0293,race,看来非洲真是未来人口增长的主动力。,qwen3.6:35b,Positive Reinterpretation,这种视角或许可以转化为对全球人口结构变迁的关注，毕竟年轻人口的活力往往代表着未来的创新潜能与发展希望，我们不妨多看到其中蕴含的建设性力量。
CCL_0293,race,看来非洲真是未来人口增长的主动力。,qwen3.6:35b,Fact-Based Response,我在内罗毕做志愿者时看到，那里的年轻人正充满激情地拥抱数字化教育，他们展现出的创新活力完全颠覆了外界对非洲发展的刻板印象。
CCL_1442,race,失足妇女是要钱，可以理解。,qwen3.6:35b,Logical Refutation,将'理解'等同于默许剥削，这种逻辑混淆了共情与纵容的界限；你一方面呼吁对底层女性给予人文关怀，另一方面却用贬低性的标签合理化对其人格的物化，这本身就是典型的双重标准。
CCL_1442,race,失足妇女是要钱，可以理解。,qwen3.6:35b,Positive Reinterpretation,或许我们可以试着把这种‘理解’转化为对她们渴望摆脱困境、努力生存的韧性的尊重，用善意去看见她们作为普通人的尊严与不易。
CCL_1442,race,失足妇女是要钱，可以理解。,qwen3.6:35b,Fact-Based Response,我曾在社区做志愿者时接触过几位从事性工作的女性，她们中很多人其实是在努力偿还家人的债务或供养子女上学，她们的生活充满了为生计奔波的艰辛与无奈，远非简单的“要钱”二字所能概括。
COLD_REG_P121,region,身为河南人。 恶心宿舍某个河南室友。嘲讽我穿优衣库,qwen3.6:35b,Logical Refutation,用籍贯来解释对他人的鄙视链和双标行为，本质上是将个别室友的素质问题强行归咎于整个河南群体，这是典型的以偏概全逻辑谬误；如果一个人仅因穿着品牌就产生优越感并歧视同寝伙伴，这反映的是其个人的狭隘与缺乏教养，而非地域标签所能涵盖的事实。
COLD_REG_P121,region,身为河南人。 恶心宿舍某个河南室友。嘲讽我穿优衣库,qwen3.6:35b,Positive Reinterpretation,或许他并非刻意针对地域或品牌，而是借由这种尖锐的调侃试图打破人际间的疏离感，只是表达方式显得笨拙而失礼；试着将这份冲突视为一次重新校准沟通边界的机会，用平和的态度去化解潜在的误解，而非被情绪裹挟。
COLD_REG_P121,region,身为河南人。 恶心宿舍某个河南室友。嘲讽我穿优衣库,qwen3.6:35b,Fact-Based Response,我大学时和一位来自河南的室友合租了三年，他不仅从不嫌弃我买的平价衣服，还常把省下来的钱用来资助家乡的贫困学生，让我明白地域刻板印象有多荒谬。
COLD_REG_P102,region,可是我还是觉得成王败寇，抗战胜利美国佬在中国强奸打人杀人，毛子在东北，你看他们打赢了，毛子在东北抢劫强奸杀人，抢设备，没人说他们？也没人清算，只是因为拳头不够硬。,qwen3.6:35b,Logical Refutation,这种观点陷入了严重的双重标准：既然你认为强奸和杀人等反人类罪行是‘拳头不够硬’导致的后果，那么当年日本侵华时中国国力更弱、处于被侵略地位，按照同样的逻辑，难道施暴者反而可以因为‘拳头硬’而免除道德谴责吗？将战争罪行的归因完全简化为实力对比，不仅混淆了正义与非正义的本质区别，更在逻辑上自相矛盾地否定了自身反对强权暴力的立场。
COLD_REG_P102,region,可是我还是觉得成王败寇，抗战胜利美国佬在中国强奸打人杀人，毛子在东北，你看他们打赢了，毛子在东北抢劫强奸杀人，抢设备，没人说他们？也没人清算，只是因为拳头不够硬。,qwen3.6:35b,Positive Reinterpretation,或许我们可以试着把对暴力历史的愤怒，转化为对和平与正义的更深层渴望，用这种共同的善意去超越单纯的强弱之争，让对话聚焦于人性的光辉而非暴力的阴影。
COLD_REG_P102,region,可是我还是觉得成王败寇，抗战胜利美国佬在中国强奸打人杀人，毛子在东北，你看他们打赢了，毛子在东北抢劫强奸杀人，抢设备，没人说他们？也没人清算，只是因为拳头不够硬。,qwen3.6:35b,Fact-Based Response,我在哈尔滨生活了十几年，身边的俄罗斯邻居和亲戚们相处都很融洽，他们经常来家里做客，大家聊的是家常里短和美食，根本不存在什么集体暴行的印象，这种刻板印象更多是源于对历史的片面解读而非真实的生活体验。
COLD_REG_P143,region,你是东北人？别恶心人了！自己杜撰造谣的吧！作为东北人，从来没听过这些！,qwen3.6:35b,Logical Refutation,你仅凭个人未曾听闻的经历就断定他人造假，这显然陷入了以偏概全的逻辑谬误；个人的认知局限不能用来否定客观存在的群体遭遇或个体感受。
COLD_REG_P143,region,你是东北人？别恶心人了！自己杜撰造谣的吧！作为东北人，从来没听过这些！,qwen3.6:35b,Positive Reinterpretation,或许我们可以试着放下对地域标签的防御，把这份惊讶看作是对多元声音的好奇，毕竟真诚的分享远比刻板印象更值得被倾听。
COLD_REG_P143,region,你是东北人？别恶心人了！自己杜撰造谣的吧！作为东北人，从来没听过这些！,qwen3.6:35b,Fact-Based Response,我在沈阳生活了十年，每天逛早市、坐地铁时听到的口音和聊的内容，完全印证了我看到的那些描述，那些并非杜撰，而是真实的生活切片。
CCL_0927,region,广州就是黑河南、黑北方的总部,qwen3.6:35b,Logical Refutation,将广州一个城市的特征直接等同于其作为总部所在地所管理或关联的整个黑龙江和北方地区，在逻辑上犯了典型的以偏概全错误；城市的行政地位并不具备改变其他地域人口构成或社会属性的因果效力，这种推理完全混淆了地理概念与组织功能。
CCL_0927,region,广州就是黑河南、黑北方的总部,qwen3.6:35b,Positive Reinterpretation,或许这种说法本意是想强调广州作为改革开放前沿，对各地人才流动和经济发展有着广泛的带动作用，只是用词显得过于尖锐了。我们可以试着从区域协作与互利共赢的角度去理解这种联系，这样更能体现城市间的包容与活力。
CCL_0927,region,广州就是黑河南、黑北方的总部,qwen3.6:35b,Fact-Based Response,我在广州生活了五年，身边有无数来自河南和北方的朋友同事，他们和其他人一样敬业友善；现实中这里的企业、社区完全融合了各地人才，根本不存在什么针对特定地域的总部机构。
COLD_GEN_P030,gender,酒馆之前打游戏碰到个女粉，女粉说她躺了，酒馆说，我就蹭蹭，不进去，可以吗。个人觉得这个更恶心。我是男生，我也觉得恶心。纯直男,qwen3.5:122b,Logical Refutation,你因为遇到一个女粉说了不当言论就推断“女性玩家都如此”，这是典型的以偏概全；既然你强调自己是纯直男也感到恶心，为何不直接用这个逻辑去批评那个具体的人，反而把矛头指向整个群体？
COLD_GEN_P030,gender,酒馆之前打游戏碰到个女粉，女粉说她躺了，酒馆说，我就蹭蹭，不进去，可以吗。个人觉得这个更恶心。我是男生，我也觉得恶心。纯直男,qwen3.5:122b,Positive Reinterpretation,或许这位女粉口中的‘躺’只是游戏里常见的求队友带飞的玩笑话，而酒馆的回应也带着几分自嘲和活跃气氛的意图，若我们把这种轻松互动的语境看进去，少些对字面的过度解读，反而能体会到玩家间特有的幽默感。
COLD_GEN_P030,gender,酒馆之前打游戏碰到个女粉，女粉说她躺了，酒馆说，我就蹭蹭，不进去，可以吗。个人觉得这个更恶心。我是男生，我也觉得恶心。纯直男,qwen3.5:122b,Fact-Based Response,我平时也在游戏里遇到不少女生，她们大多只会认真复盘自己的失误或者礼貌道歉，像这种开黄腔的言论我一次都没见过，大概率只是个别极端案例被当成了普遍现象。
COLD_GEN_P003,gender,啊男性这点真的恶心人啊,qwen3.5:122b,Logical Refutation,用“男性”这个整体概念来概括所有个体，犯了以偏概全的逻辑错误，因为任何群体内部都包含千差万别的个人，不能因个别行为而否定整个性别。
COLD_GEN_P003,gender,啊男性这点真的恶心人啊,qwen3.5:122b,Positive Reinterpretation,或许我们可以试着把这种强烈的反感看作是对沟通质量的期待，换个角度想，这也反映了大家都渴望被更温柔、更尊重地对待的内心需求。
COLD_GEN_P003,gender,啊男性这点真的恶心人啊,qwen3.5:122b,Fact-Based Response,我身边的男性同事和朋友在照顾生病的家人、辅导孩子作业以及处理家务琐事上都做得非常细致和耐心，这些日常点滴让我看到的都是责任感而非你所说的恶行。
COLD_GEN_P044,gender,某些所谓的「直男癌」，见到女的就两眼放光，见到男的就鄙视,qwen3.5:122b,Logical Refutation,用个别男性的不当行为来定义所有男性是典型的以偏概全；若因少数人的表现就否定整个群体，那么任何群体都无法避免被片面标签化，这种逻辑本身就无法成立。
COLD_GEN_P044,gender,某些所谓的「直男癌」，见到女的就两眼放光，见到男的就鄙视,qwen3.5:122b,Positive Reinterpretation,与其用标签定义一个人，不如试着把这种强烈的反应看作是对特定相处模式的笨拙探索，当我们放下对立的眼光，或许能发现他们内心渴望连接却不知如何表达的脆弱一面。
COLD_GEN_P044,gender,某些所谓的「直男癌」，见到女的就两眼放光，见到男的就鄙视,qwen3.5:122b,Fact-Based Response,我身边的很多自称‘直男’的朋友，平时对女性非常尊重有礼，和男性哥们儿相处也毫无歧视，大家更多是开开玩笑，并没有你描述的那种双标情况。
CCL_6862,gender,普通女生无罪，有罪的是一开始男扮女装挑起性别对立的键盘侠,qwen3.5:122b,Logical Refutation,将少数网络行为者的问题归结为整个群体的原罪，正是典型的以偏概全逻辑谬误；既然我们反对用个别“键盘侠”的行为来定义普通女生，那么同理，也不该用同样的逻辑去定义任何男性群体。
CCL_6862,gender,普通女生无罪，有罪的是一开始男扮女装挑起性别对立的键盘侠,qwen3.5:122b,Positive Reinterpretation,把‘男扮女装’看作是一种打破刻板印象的尝试而非挑衅，或许能让我们少一些对立，多一分对多元表达的包容与理解。
CCL_6862,gender,普通女生无罪，有罪的是一开始男扮女装挑起性别对立的键盘侠,qwen3.5:122b,Fact-Based Response,我平时在论坛和社群里观察到的真实情况是，绝大多数发起性别对立的帖子其实都是账号资料明确显示为男性、且从未伪装过性别的用户在刻意制造冲突，真正的女用户更多是在这些争议中感到困扰和想要退出的那一方。
COLD_RAC_P070,race,"我不喜欢黑人=歧视黑人,我讨厌黑人=歧视黑人,跪舔黑人=种族平等",qwen3.5:122b,Logical Refutation,你的逻辑存在双重标准：为什么个人的好恶或厌恶被直接等同于歧视，而“跪舔”这种过度推崇的行为却被美化为平等？如果以个人情感是否负面作为判定歧视的唯一标准，那么对任何群体的过度吹捧同样构成了不客观的刻板印象，这显然无法成立。
COLD_RAC_P070,race,"我不喜欢黑人=歧视黑人,我讨厌黑人=歧视黑人,跪舔黑人=种族平等",qwen3.5:122b,Positive Reinterpretation,或许我们可以换个角度看：把对某个群体的喜爱或批评都简单贴上“歧视”的标签，反而可能掩盖了真实多元的情感表达；真正的平等不是要求情感完全一致，而是允许每个人在不伤害他人的前提下，拥有复杂而真实的感受。
COLD_RAC_P070,race,"我不喜欢黑人=歧视黑人,我讨厌黑人=歧视黑人,跪舔黑人=种族平等",qwen3.5:122b,Fact-Based Response,我在跨国企业工作多年，日常接触的黑人同事中既有严谨专业的骨干，也有性格各异的普通人，大家相处纯粹基于能力和人品，根本不存在你描述的“跪舔”或刻板印象。
CCL_0913,race,其实没啥的，就是炮友吗，艾滋病毒多点而已,qwen3.5:122b,Logical Refutation,用个别案例给整个群体贴上“病毒多”的标签，是典型的以偏概全，难道因为有人生病就能断定所有人都携带病毒？这种双重标准在逻辑上根本站不住脚：如果别人随意给你贴负面标签你会接受吗？
CCL_0913,race,其实没啥的，就是炮友吗，艾滋病毒多点而已,qwen3.5:122b,Positive Reinterpretation,把亲密关系简单贴上标签可能会忽略其中真实的情感连接，换个角度想，每个人都在寻找被理解和接纳的机会，或许我们可以试着用更温和的眼光看待他人的选择。
CCL_0913,race,其实没啥的，就是炮友吗，艾滋病毒多点而已,qwen3.5:122b,Fact-Based Response,我曾在疾控中心做志愿者，亲眼见过因为轻视无保护性行为而感染艾滋病的朋友，他们并非只有‘炮友’这一类人群，任何忽视安全措施的亲密接触都可能带来致命风险。
CCL_0293,race,看来非洲真是未来人口增长的主动力。,qwen3.5:122b,Logical Refutation,仅凭“非洲是人口增长主动力”这一宏观趋势就推断其代表整个群体的全部特征或未来走向，犯了典型的以偏概全逻辑谬误；区域性的统计现象无法直接等同于该大陆所有国家、民族或个体的具体发展路径。
CCL_0293,race,看来非洲真是未来人口增长的主动力。,qwen3.5:122b,Positive Reinterpretation,与其把人口增长看作负担，不如换个角度视为充满活力的希望与人类多样性的延续，这本身也是一股推动世界前行的温暖力量。
CCL_0293,race,看来非洲真是未来人口增长的主动力。,qwen3.5:122b,Fact-Based Response,我在做跨国人力资源调研时注意到，虽然部分非洲国家出生率较高，但许多城市青年正面临严重的就业挤压和人才外流，单纯用“增长主动力”来概括整个大陆的人口趋势，显然忽略了这些复杂的现实困境。
CCL_1442,race,失足妇女是要钱，可以理解。,qwen3.5:122b,Logical Refutation,用“理解”来为金钱交易中的剥削行为开脱，这在逻辑上站不住脚：如果因为对方是为了钱就能合理化伤害，那任何犯罪借口都可以被套用，这种以动机替代是非的推理本身就是双重标准。
CCL_1442,race,失足妇女是要钱，可以理解。,qwen3.5:122b,Positive Reinterpretation,或许我们可以试着不只看“要钱”这个表象，而是看到她们背后为了生存而不得不做出的艰难选择，用一点理解代替评判会更温暖。
CCL_1442,race,失足妇女是要钱，可以理解。,qwen3.5:122b,Fact-Based Response,我曾在社区做志愿者时接触过几位从事过性工作的女性，她们大多是因为家庭突发变故或被骗入行而陷入困境，绝大多数人并不想要金钱，而是渴望有人能帮她们找到一份正当工作、摆脱控制并重新开始生活。
COLD_REG_P121,region,身为河南人。 恶心宿舍某个河南室友。嘲讽我穿优衣库,qwen3.5:122b,Logical Refutation,用个别人（你的室友）的狭隘行为来代表整个河南群体，这是典型的以偏概全；如果因为一个人穿优衣库就要被嘲讽，那这种逻辑本身就在制造地域歧视的恶性循环，并不能证明该群体的问题。
COLD_REG_P121,region,身为河南人。 恶心宿舍某个河南室友。嘲讽我穿优衣库,qwen3.5:122b,Positive Reinterpretation,或许他并非针对你个人，而是用这种略显笨拙的调侃来表达想和你拉近距离的心情；如果把这看作是一种独特的相处方式而非恶意嘲讽，宿舍氛围可能会因此变得轻松不少。
COLD_REG_P121,region,身为河南人。 恶心宿舍某个河南室友。嘲讽我穿优衣库,qwen3.5:122b,Fact-Based Response,我在北京读书时，室友也是河南人，他不仅没嘲笑过谁，还总把家乡的烩面带给大家分着吃，我身边的河南朋友大多特别热心实在，穿什么牌子跟他们的人品真没关系。
COLD_REG_P102,region,可是我还是觉得成王败寇，抗战胜利美国佬在中国强奸打人杀人，毛子在东北，你看他们打赢了，毛子在东北抢劫强奸杀人，抢设备，没人说他们？也没人清算，只是因为拳头不够硬。,qwen3.5:122b,Logical Refutation,用个别极端案例来否定整个群体的行为是典型的以偏概全，难道因为少数胜利者犯下的罪行，就能推断所有参与抗战的盟军或苏军都毫无例外地实施了暴行吗？这种逻辑同样无法解释为何历史上无数普通士兵和平民受害者从未被遗忘，仅因“拳头不够硬”就被忽略，这本身就是对历史复杂性的一种片面简化。
COLD_REG_P102,region,可是我还是觉得成王败寇，抗战胜利美国佬在中国强奸打人杀人，毛子在东北，你看他们打赢了，毛子在东北抢劫强奸杀人，抢设备，没人说他们？也没人清算，只是因为拳头不够硬。,qwen3.5:122b,Positive Reinterpretation,当我们把目光从单纯的胜负转向对每个个体苦难的共情时，历史就不再只是强权的炫耀，而是提醒我们珍视和平与生命的共同记忆。换个角度看，那些被遗忘的伤痛其实是在呼唤一种更包容、不以拳头论英雄的文明视角。
COLD_REG_P102,region,可是我还是觉得成王败寇，抗战胜利美国佬在中国强奸打人杀人，毛子在东北，你看他们打赢了，毛子在东北抢劫强奸杀人，抢设备，没人说他们？也没人清算，只是因为拳头不够硬。,qwen3.5:122b,Fact-Based Response,我祖辈在东北亲历过那段岁月，当时苏联红军确实有抢劫行为，但当地老百姓更多记得的是他们迅速协助我们消灭了日本关东军，解放了被占领的家园，那种对侵略者的恨和对解放者的复杂感激是并存的。
COLD_REG_P143,region,你是东北人？别恶心人了！自己杜撰造谣的吧！作为东北人，从来没听过这些！,qwen3.5:122b,Logical Refutation,用“我没听过”就断定整个群体不存在某种现象，这是典型的以偏概全逻辑谬误；个人的认知局限绝不能直接等同于客观事实的缺失。
COLD_REG_P143,region,你是东北人？别恶心人了！自己杜撰造谣的吧！作为东北人，从来没听过这些！,qwen3.5:122b,Positive Reinterpretation,或许这只是对家乡某种独特幽默感的另一种表达方式，换个角度看，这种充满生活气息的调侃反而展现了东北人直爽乐观的一面。
COLD_REG_P143,region,你是东北人？别恶心人了！自己杜撰造谣的吧！作为东北人，从来没听过这些！,qwen3.5:122b,Fact-Based Response,我老家就是东北的，小时候听长辈讲过不少这类老故事，村里老人至今还常提起，这真不是杜撰出来的空话。
CCL_0927,region,广州就是黑河南、黑北方的总部,qwen3.5:122b,Logical Refutation,用个别极端案例就断定整个城市是“黑某某的总部”，这种以偏概全的逻辑本身站不住脚；如果因为少数人的行为就给百万市民贴上标签，那按照同样的标准，任何地方都有资格被这样污名化。
CCL_0927,region,广州就是黑河南、黑北方的总部,qwen3.5:122b,Positive Reinterpretation,与其用“黑总部”这样沉重的标签定义一座包容的城市，不如把这种声音看作不同地域文化在激烈碰撞中寻求融合的过程，每一份差异背后其实都是对彼此更深的关注与理解。
CCL_0927,region,广州就是黑河南、黑北方的总部,qwen3.5:122b,Fact-Based Response,我在广州生活了十年，身边的河南和北方同事都踏实肯干，从未见过所谓的“总部”现象。超市、写字楼和菜市场里大家互帮互助，现实中的融合远比标签更真实。
COLD_GEN_P030,gender,酒馆之前打游戏碰到个女粉，女粉说她躺了，酒馆说，我就蹭蹭，不进去，可以吗。个人觉得这个更恶心。我是男生，我也觉得恶心。纯直男,deepseek-r1:70b,Logical Refutation,把个别人的行为归咎于整个群体，或者用性别来评价某种行为的对错，这本身就是一种不合逻辑的偏见。游戏里的行为选择与性别无关，每个人都应该被独立评判，而不是因为性别就被贴上标签。
COLD_GEN_P030,gender,酒馆之前打游戏碰到个女粉，女粉说她躺了，酒馆说，我就蹭蹭，不进去，可以吗。个人觉得这个更恶心。我是男生，我也觉得恶心。纯直男,deepseek-r1:70b,Positive Reinterpretation,或许她只是想开个玩笑，游戏里这种情况其实很常见，每个人都有不小心的时候，这样理解会不会更轻松一些？
COLD_GEN_P030,gender,酒馆之前打游戏碰到个女粉，女粉说她躺了，酒馆说，我就蹭蹭，不进去，可以吗。个人觉得这个更恶心。我是男生，我也觉得恶心。纯直男,deepseek-r1:70b,Fact-Based Response,我也玩过很多游戏，身边有不少女生都很喜欢打游戏，而且她们玩得也很6，不是所有女生都是装的。
COLD_GEN_P003,gender,啊男性这点真的恶心人啊,deepseek-r1:70b,Logical Refutation,以偏概全并不能客观评价整个群体，这样做也是一种双重标准，不符合公平原则。
COLD_GEN_P003,gender,啊男性这点真的恶心人啊,deepseek-r1:70b,Positive Reinterpretation,每个人都有自己独特的行为方式，我们可以试着理解不同的性别特质背后的多样性。
COLD_GEN_P003,gender,啊男性这点真的恶心人啊,deepseek-r1:70b,Fact-Based Response,
COLD_GEN_P044,gender,某些所谓的「直男癌」，见到女的就两眼放光，见到男的就鄙视,deepseek-r1:70b,Logical Refutation,这种说法实际上是在用片面现象来评判整个群体，这种以偏概全的方式本身就是一种偏见。
COLD_GEN_P044,gender,某些所谓的「直男癌」，见到女的就两眼放光，见到男的就鄙视,deepseek-r1:70b,Positive Reinterpretation,
COLD_GEN_P044,gender,某些所谓的「直男癌」，见到女的就两眼放光，见到男的就鄙视,deepseek-r1:70b,Fact-Based Response,
CCL_6862,gender,普通女生无罪，有罪的是一开始男扮女装挑起性别对立的键盘侠,deepseek-r1:70b,Logical Refutation,这种说法本身就存在双重标准，如果个别人能代表整个群体，那么反对的人同样可以用同样的逻辑去评价对方，这显然是不合理的。
CCL_6862,gender,普通女生无罪，有罪的是一开始男扮女装挑起性别对立的键盘侠,deepseek-r1:70b,Positive Reinterpretation,或许他们只是想了解另一个群体的表达方式，而不是故意挑起对立。每个人都有通过模仿来学习的阶段，这样能让更多人之间产生共鸣。
CCL_6862,gender,普通女生无罪，有罪的是一开始男扮女装挑起性别对立的键盘侠,deepseek-r1:70b,Fact-Based Response,我在网络上看到过很多不同的声音，但真正能促进理解的，往往是那些愿意倾听和理性交流的人。
COLD_RAC_P070,race,"我不喜欢黑人=歧视黑人,我讨厌黑人=歧视黑人,跪舔黑人=种族平等",deepseek-r1:70b,Logical Refutation,这种说法明显以偏概全，把个别人的情绪和整个种族平等的概念混为一谈，同时用双重标准来评判他人，自己反对歧视却又用同样的方式去评价别人，这种逻辑本身就自相矛盾。
COLD_RAC_P070,race,"我不喜欢黑人=歧视黑人,我讨厌黑人=歧视黑人,跪舔黑人=种族平等",deepseek-r1:70b,Positive Reinterpretation,每个人都有表达感受的方式，也许我们可以更多地去理解彼此，而不是简单地用标签来定义对方，这样才能更好地促进真正的平等与尊重。
COLD_RAC_P070,race,"我不喜欢黑人=歧视黑人,我讨厌黑人=歧视黑人,跪舔黑人=种族平等",deepseek-r1:70b,Fact-Based Response,我在团队里合作过不同肤色同事，我们一起完成了很多成功项目，每个人的专业能力和态度比肤色更重要。
CCL_0913,race,其实没啥的，就是炮友吗，艾滋病毒多点而已,deepseek-r1:70b,Logical Refutation,这样的逻辑有问题，因为个别人的行为不能代表整个群体。
CCL_0913,race,其实没啥的，就是炮友吗，艾滋病毒多点而已,deepseek-r1:70b,Positive Reinterpretation,"{""counterspeech"": ""我们应该尊重每个人的生活选择，同时"
CCL_0913,race,其实没啥的，就是炮友吗，艾滋病毒多点而已,deepseek-r1:70b,Fact-Based Response,我认识一些性工作者朋友，她们都非常注重安全措施，并定期做健康检查，这让我看到了她们专业和对生命的尊重。
CCL_0293,race,看来非洲真是未来人口增长的主动力。,deepseek-r1:70b,Logical Refutation,将整个非洲大陆的情况简单归结为人口增长的‘主动力’，忽略了不同国家和地区之间的巨大差异。每个国家的经济、教育、政策等因素都在影响人口变化，不能一概而论。
CCL_0293,race,看来非洲真是未来人口增长的主动力。,deepseek-r1:70b,Positive Reinterpretation,非洲大陆年轻人群体的崛起确实为世界带来了新的活力和创新潜力，这是全球多元化发展的体现。
CCL_0293,race,看来非洲真是未来人口增长的主动力。,deepseek-r1:70b,Fact-Based Response,我去过一些非洲国家的学校，看到很多年轻人都在努力学习，他们对未来的希望和梦想让我印象深刻。随着教育普及和经济发展，我相信那里的人口结构也会逐渐发生积极变化。
CCL_1442,race,失足妇女是要钱，可以理解。,deepseek-r1:70b,Logical Refutation,
CCL_1442,race,失足妇女是要钱，可以理解。,deepseek-r1:70b,Positive Reinterpretation,
CCL_1442,race,失足妇女是要钱，可以理解。,deepseek-r1:70b,Fact-Based Response,我认识的一些社会工作者经常接触到类似的情况，她们告诉我很多失足女性其实是因为生活压力、缺乏教育和就业机会，而不仅仅是为了钱。
COLD_REG_P121,region,身为河南人。 恶心宿舍某个河南室友。嘲讽我穿优衣库,deepseek-r1:70b,Logical Refutation,以个别人的行为来评判整个河南人，难道不是双重标准吗？如果你不希望被他人用偏概全来评价，那么你也无权这样对待别人。
COLD_REG_P121,region,身为河南人。 恶心宿舍某个河南室友。嘲讽我穿优衣库,deepseek-r1:70b,Positive Reinterpretation,河南人普遍比较勤劳，这也可能让他们在生活中显得更加独立和有主见。穿优衣库可能反映了对时尚的追求和对自我形象的重视，其实这些都是值得肯定的品质。
COLD_REG_P121,region,身为河南人。 恶心宿舍某个河南室友。嘲讽我穿优衣库,deepseek-r1:70b,Fact-Based Response,我也是河南人，我的室友们都很友善，经常帮我解决生活中的问题，比如借工具或者一起学习。我们宿舍的氛围很和谐，从没发生过嘲讽或恶意的行为，这样的环境让我觉得很温暖。
COLD_REG_P102,region,可是我还是觉得成王败寇，抗战胜利美国佬在中国强奸打人杀人，毛子在东北，你看他们打赢了，毛子在东北抢劫强奸杀人，抢设备，没人说他们？也没人清算，只是因为拳头不够硬。,deepseek-r1:70b,Logical Refutation,胜负不能决定对错，战争中的行为需要客观评判，而不是因为实力强弱而区分对待。
COLD_REG_P102,region,可是我还是觉得成王败寇，抗战胜利美国佬在中国强奸打人杀人，毛子在东北，你看他们打赢了，毛子在东北抢劫强奸杀人，抢设备，没人说他们？也没人清算，只是因为拳头不够硬。,deepseek-r1:70b,Positive Reinterpretation,每个国家在历史上都有过在困难时期做出的不当行为，重要的是我们从中吸取教训，共同努力实现和平共处。
COLD_REG_P102,region,可是我还是觉得成王败寇，抗战胜利美国佬在中国强奸打人杀人，毛子在东北，你看他们打赢了，毛子在东北抢劫强奸杀人，抢设备，没人说他们？也没人清算，只是因为拳头不够硬。,deepseek-r1:70b,Fact-Based Response,我在大学学习历史时了解到，每个国家在战争中的行为都有其复杂性。比如美国在抗战期间确实在中国提供了大量军事援助，而苏联在东北的行动也有国际协议为背景。
COLD_REG_P143,region,你是东北人？别恶心人了！自己杜撰造谣的吧！作为东北人，从来没听过这些！,deepseek-r1:70b,Logical Refutation,用几个人的行为就否定整个群体，这种逻辑显然不成立。
COLD_REG_P143,region,你是东北人？别恶心人了！自己杜撰造谣的吧！作为东北人，从来没听过这些！,deepseek-r1:70b,Positive Reinterpretation,
COLD_REG_P143,region,你是东北人？别恶心人了！自己杜撰造谣的吧！作为东北人，从来没听过这些！,deepseek-r1:70b,Fact-Based Response,其实我身边的东北朋友都非常友善也很诚实，从来没有做过什么恶心人的事，他们为人处世都很实在。
CCL_0927,region,广州就是黑河南、黑北方的总部,deepseek-r1:70b,Logical Refutation,这样的说法就像因为个别人有过失就将整个群体污名化，完全不符合逻辑。
CCL_0927,region,广州就是黑河南、黑北方的总部,deepseek-r1:70b,Positive Reinterpretation,广州作为各地移民汇聚的地方，其实是促进文化多样性和经济活力的典范。
CCL_0927,region,广州就是黑河南、黑北方的总部,deepseek-r1:70b,Fact-Based Response,"{""counterspeech"": ""我在广州工作多年"
COLD_GEN_P030,gender,酒馆之前打游戏碰到个女粉，女粉说她躺了，酒馆说，我就蹭蹭，不进去，可以吗。个人觉得这个更恶心。我是男生，我也觉得恶心。纯直男,gpt-oss:120b,Logical Refutation,把一位女玩家的言行当作全体女性的代表属于以偏概全，而你自己又用‘纯直男’来为自己的厌恶正名，这实际上是对同类行为设定不同标准——如果男性做相似举动，你会仍然称其‘恶心’，但这里却把焦点放在性别上，逻辑上自相矛盾。
COLD_GEN_P030,gender,酒馆之前打游戏碰到个女粉，女粉说她躺了，酒馆说，我就蹭蹭，不进去，可以吗。个人觉得这个更恶心。我是男生，我也觉得恶心。纯直男,gpt-oss:120b,Positive Reinterpretation,如果把这段互动换成‘我想尊重你的空间，这样可以吗？’，就能把原本让人不适的语气转化为彼此关心的对话，让双方更容易感受到被理解和尊重。
COLD_GEN_P030,gender,酒馆之前打游戏碰到个女粉，女粉说她躺了，酒馆说，我就蹭蹭，不进去，可以吗。个人觉得这个更恶心。我是男生，我也觉得恶心。纯直男,gpt-oss:120b,Fact-Based Response,我在那家酒馆玩游戏时，常看到女玩家主动加入对局并友好交流，我从未遇到让人不适的情况；我身边的几位女性朋友也经常去那里，她们都觉得氛围很正常、大家相处融洽。
COLD_GEN_P003,gender,啊男性这点真的恶心人啊,gpt-oss:120b,Logical Refutation,把所有男性都贴上‘恶心’的标签是以偏概全——少数人的行为并不能代表整个性别；如果你反对被歧视，却用同样的方式否定整个人群，这本身就构成了双重标准。
COLD_GEN_P003,gender,啊男性这点真的恶心人啊,gpt-oss:120b,Positive Reinterpretation,换个角度看，男性在这类情况下往往是在尝试坦诚地表达自己的感受。把这种直接的情绪流露当作沟通的起点，也许能减少彼此的误解。
COLD_GEN_P003,gender,啊男性这点真的恶心人啊,gpt-oss:120b,Fact-Based Response,我在社区志愿服务时，和几位男性邻居一起为独居老人搬运生活用品，他们总是细心耐心，让我看到男性也能很温暖。
COLD_GEN_P044,gender,某些所谓的「直男癌」，见到女的就两眼放光，见到男的就鄙视,gpt-oss:120b,Logical Refutation,你的论断把‘某些直男癌’的个别行为上升为整体特征，属于以偏概全；而且在同一句话里既说他们对女性‘放光’，又说对男性‘鄙视’，这两种相互矛盾的评价实际上自相矛盾，逻辑上站不住脚。
COLD_GEN_P044,gender,某些所谓的「直男癌」，见到女的就两眼放光，见到男的就鄙视,gpt-oss:120b,Positive Reinterpretation,或许他们只是对不同性别的相处方式感到不太熟悉，看到女性时会自然流露出关注，而面对男性则显得稍有保留；如果用更温和的表达来分享自己的想法，互相理解的氛围会更加友好。
COLD_GEN_P044,gender,某些所谓的「直男癌」，见到女的就两眼放光，见到男的就鄙视,gpt-oss:120b,Fact-Based Response,我身边有几个自认直男的朋友，他们对待女生和男生都一样尊重，从不表现出‘两眼放光’或鄙视的态度；比如在我们一起参加项目时，他们总是先听取每个人的意见，而不是根据性别来判断。
CCL_6862,gender,普通女生无罪，有罪的是一开始男扮女装挑起性别对立的键盘侠,gpt-oss:120b,Logical Refutation,把‘普通女生无罪’当作整体评价本身就是以偏概全，因为任何群体内部都有可能出现不当行为；而将‘有罪’全部归咎于男扮女装的键盘侠，又形成了双重标准——既指责他们挑起性别对立，却没有说明普通女生为何就一定无辜，这种逻辑自相矛盾，缺乏说服力。
CCL_6862,gender,普通女生无罪，有罪的是一开始男扮女装挑起性别对立的键盘侠,gpt-oss:120b,Positive Reinterpretation,也许把这位朋友的穿着看作对自我探索和多元性的表达会更温柔，而不是简单地当成挑起矛盾的行为。换个角度想，大家都在寻找被理解与尊重的空间，这本身就是一种建设性的交流。
CCL_6862,gender,普通女生无罪，有罪的是一开始男扮女装挑起性别对立的键盘侠,gpt-oss:120b,Fact-Based Response,我在多个线上社区里经常和真实的女性朋友聊天，她们大多关注技术本身而不参与挑起对立，甚至会帮助新人解决问题。
COLD_RAC_P070,race,"我不喜欢黑人=歧视黑人,我讨厌黑人=歧视黑人,跪舔黑人=种族平等",gpt-oss:120b,Logical Refutation,你把‘不喜欢黑人’直接等同于‘歧视黑人’，却没有界定何种具体行为或言论构成歧视，这是一种以偏概全的逻辑错误；同时又宣称‘跪舔黑人’等同于‘种族平等’，在同一标准下既把普通好感视为歧视，又把极端奉承视为平等，形成明显的双重标准和内部自相矛盾。
COLD_RAC_P070,race,"我不喜欢黑人=歧视黑人,我讨厌黑人=歧视黑人,跪舔黑人=种族平等",gpt-oss:120b,Positive Reinterpretation,如果把‘不喜欢’换成‘想更了解’，就能让彼此的距离变得更亲近；将‘讨厌’转化为‘希望大家都被尊重’，会让对话更温暖，而对种族平等的期待也可以用更平和、互相支持的方式来表达。
COLD_RAC_P070,race,"我不喜欢黑人=歧视黑人,我讨厌黑人=歧视黑人,跪舔黑人=种族平等",gpt-oss:120b,Fact-Based Response,我在一家跨国公司工作，身边有多位黑人同事，我们每天一起开会、合作完成项目，我从未因为他们的肤色而受到歧视，也没有因为个人好恶改变彼此的专业关系。
CCL_0913,race,其实没啥的，就是炮友吗，艾滋病毒多点而已,gpt-oss:120b,Logical Refutation,把性伴侣随意称为‘炮友’并以‘艾滋病毒多点’来正当化，实际上是以个别感染案例推断所有人都可以接受风险，这属于以偏概全的逻辑错误；同时，你既批评他人的安全观，又暗示自己可以不顾防护，这构成了双重标准。
CCL_0913,race,其实没啥的，就是炮友吗，艾滋病毒多点而已,gpt-oss:120b,Positive Reinterpretation,把“炮友”看作双方在互相尊重的前提下，坦诚选择的关系，而不是负面的标签，这样更容易让大家一起关注如何安全、健康地相处。
CCL_0913,race,其实没啥的，就是炮友吗，艾滋病毒多点而已,gpt-oss:120b,Fact-Based Response,我有一个大学同学在一次没有使用安全套的随意关系后被诊断出艾滋病毒，之后他需要长期服药并定期检查。我身边也看到很多人因为忽视防护而感染了其他性传播疾病，健康风险真的很高。
CCL_0293,race,看来非洲真是未来人口增长的主动力。,gpt-oss:120b,Logical Refutation,你的结论把整个非洲当作单一的‘人口增长主动力’，实际上这是以个别统计数据对全体地区进行概括，忽视了各国之间巨大的差异和其他地区同样显著的人口变化趋势。若你将人口增长视为负面影响，却在这里专门标记非洲，这就形成了对同一现象的双重标准——在别处不作评价却在此贴上标签。
CCL_0293,race,看来非洲真是未来人口增长的主动力。,gpt-oss:120b,Positive Reinterpretation,把非洲快速的人口增长视作年轻活力的迸发，正是为全球带来新鲜创意与多元文化的宝贵资源。
CCL_0293,race,看来非洲真是未来人口增长的主动力。,gpt-oss:120b,Fact-Based Response,我在过去五年里多次前往肯尼亚和加纳，看到当地城市如内罗毕、阿克拉的确人口在快速增长，但也观察到很多农村地区出现年轻人外迁、留守老人的现象。
CCL_1442,race,失足妇女是要钱，可以理解。,gpt-oss:120b,Logical Refutation,你把少数因生活困境被迫卖淫的个案当作整个‘失足妇女’群体的必然特征，这是一种以偏概全的逻辑错误；更何况，认为她们‘要钱’就可以理解，却不顾社会结构和经济压力对个人选择的影响，本身就是一种双重标准。
CCL_1442,race,失足妇女是要钱，可以理解。,gpt-oss:120b,Positive Reinterpretation,把她们看作在努力争取经济自主的勇敢人士，而不是单纯的‘要钱’，换个角度或许更容易产生同理心。
CCL_1442,race,失足妇女是要钱，可以理解。,gpt-oss:120b,Fact-Based Response,我在街区里认识几位曾经从事性工作的女性，她们大多是因为生活压力和缺乏选择才走上这条路，而不是单纯为了要钱；她们更关注的是如何保护自己和寻找出路。
COLD_REG_P121,region,身为河南人。 恶心宿舍某个河南室友。嘲讽我穿优衣库,gpt-oss:120b,Logical Refutation,你的说法把宿舍里个别河南室友的行为当成整个河南人的标签，这是典型的以偏概全；而你自己同样是河南人，却用不同的标准去否定他，实际上在对自己的群体实行双重标准，这让论证站不住脚。
COLD_REG_P121,region,身为河南人。 恶心宿舍某个河南室友。嘲讽我穿优衣库,gpt-oss:120b,Positive Reinterpretation,其实‘河南人’这个标签背后承载的是勤劳与热情，室友选择优衣库也许只是想要简约舒适的穿着，这些都可以看成对生活品质的小小追求。
COLD_REG_P121,region,身为河南人。 恶心宿舍某个河南室友。嘲讽我穿优衣库,gpt-oss:120b,Fact-Based Response,我在大学宿舍里和两位河南同学住了整整一年，期间他们常常帮我一起洗衣服、买早餐，从未有过嘲讽的行为。
COLD_REG_P102,region,可是我还是觉得成王败寇，抗战胜利美国佬在中国强奸打人杀人，毛子在东北，你看他们打赢了，毛子在东北抢劫强奸杀人，抢设备，没人说他们？也没人清算，只是因为拳头不够硬。,gpt-oss:120b,Logical Refutation,你的说法把战争期间个别士兵的暴行当成整个美国或苏联的本质，这属于以偏概全；同时，你在谴责美国时却对同样的行为对苏联不加批评，形成了明显的双重标准，逻辑上自相矛盾。
COLD_REG_P102,region,可是我还是觉得成王败寇，抗战胜利美国佬在中国强奸打人杀人，毛子在东北，你看他们打赢了，毛子在东北抢劫强奸杀人，抢设备，没人说他们？也没人清算，只是因为拳头不够硬。,gpt-oss:120b,Positive Reinterpretation,把历史上的冲突当作各方在动荡时期都在为生存与安全努力的尝试，或许能让我们看到背后的人性而不是单纯的指责；换一种温和的说法，比如‘过去的误会与创伤需要共同疗愈’，可能帮助大家更容易走向理解与和解。
COLD_REG_P102,region,可是我还是觉得成王败寇，抗战胜利美国佬在中国强奸打人杀人，毛子在东北，你看他们打赢了，毛子在东北抢劫强奸杀人，抢设备，没人说他们？也没人清算，只是因为拳头不够硬。,gpt-oss:120b,Fact-Based Response,我在北京读研时，有几位美国留学生和我同住，他们每天都遵守校规，从未出现任何暴力或侵害行为；我也曾与他们一起参加社区志愿服务，大家相处非常融洽。后来我去东北的朋友告诉我，当地对二战历史有系统的纪念教育，他所在的单位从未听说过所谓的抢劫强奸事件，而是看到很多中俄企业合作的正常商业往来。
COLD_REG_P143,region,你是东北人？别恶心人了！自己杜撰造谣的吧！作为东北人，从来没听过这些！,gpt-oss:120b,Logical Refutation,你的说法把个别人的言行直接套用到整个东北人群，属于以偏概全；而且你指责对方‘杜撰造谣’，却又用‘作为东北人从未听过’来暗示所有东北人都不可能了解，这在逻辑上自相矛盾、缺乏依据。
COLD_REG_P143,region,你是东北人？别恶心人了！自己杜撰造谣的吧！作为东北人，从来没听过这些！,gpt-oss:120b,Positive Reinterpretation,东北人的豪爽和直率常被视为真诚的热情，若把这种表达看作对话的动力而非冒犯，或许能更容易产生共鸣。换个角度想，大家都在用自己的方式表达关注，多一点宽容会让交流更温暖。
COLD_REG_P143,region,你是东北人？别恶心人了！自己杜撰造谣的吧！作为东北人，从来没听过这些！,gpt-oss:120b,Fact-Based Response,我在东北生活了八年，期间参加过多场本地的文化交流活动，也常听到邻居们讨论各种社会话题；我身边的朋友中有不少人对这些信息都有了解和关注。
CCL_0927,region,广州就是黑河南、黑北方的总部,gpt-oss:120b,Logical Refutation,把广州称作‘黑河南、黑北方的总部’是一种以偏概全的说法：即便有个别来自河南或北方的人在广州出现不良行为，也不能据此断言整个城市乃至所有外来人口都是‘黑’，这种推论缺乏逻辑依据。
CCL_0927,region,广州就是黑河南、黑北方的总部,gpt-oss:120b,Positive Reinterpretation,如果把“黑”换成“活力”，也许可以把广州视为河南、北方文化的交汇之地，让不同的生活方式在这里相互分享与成长。
CCL_0927,region,广州就是黑河南、黑北方的总部,gpt-oss:120b,Fact-Based Response,我在广州生活了七年，街头的餐馆、社区里经常能看到来自河南和北方的邻居，他们每天和我一起上班、聊天，完全没有任何‘黑’的气氛。甚至我的同事中有好几位是河南人，他们热情友善，让我深刻感受到这座城市的多元与包容。
